<?xml version="1.0" encoding="UTF-8"?><?xml-stylesheet type='text/xsl' href='_UpgradeReport_Files/UpgradeReport.xslt'?><UpgradeLog>
<Properties><Property Name="Solution" Value="TenderBondExpiryAlertsService">
</Property><Property Name="Solution File" Value="F:\TenderBondExpiryAlerts\TenderBondExpiryAlertsService\TenderBondExpiryAlertsService.sln">
</Property><Property Name="Date" Value="Sunday, January 05, 2014">
</Property><Property Name="Time" Value="11:40 AM">
</Property></Properties><Event ErrorLevel="0" Project="TenderBondExpiryAlertsService" Source="TenderBondExpiryAlertsService.csproj" Description="Project converted successfully">
</Event><Event ErrorLevel="3" Project="TenderBondExpiryAlertsService" Source="TenderBondExpiryAlertsService.csproj" Description="Converted">
</Event><Event ErrorLevel="0" Project="" Source="TenderBondExpiryAlertsService.sln" Description="Solution converted successfully">
</Event><Event ErrorLevel="3" Project="" Source="TenderBondExpiryAlertsService.sln" Description="Converted">
</Event><Event ErrorLevel="0" Project="TenderBondExpiryAlertsService" Source="TenderBondExpiryAlertsService.csproj" Description="Scan complete: Upgrade not required for project files.">
</Event></UpgradeLog>